IdAlumno,Materia,AnioCursada,FechaNac,AyudaFinanciera,ColegioTecnico,PromedioColegio,Asistencia,Recursa
ALU0001,AM1,2020,24-01-2000,0,0,6.9,0.9,0
ALU0001,AM2,2021,24-01-2000,0,0,6.9,0.58,1
ALU0001,AM2,2022,24-01-2000,0,0,6.9,0.96,1
ALU0001,AM2,2023,24-01-2000,0,0,6.9,0.9,0
ALU0002,AM1,2024,19-02-2004,1,0,8.07,0.98,0
ALU0002,AM2,2025,19-02-2004,1,0,8.07,0.97,0
ALU0003,AM1,2024,01-10-2005,0,0,6.84,0.65,1
ALU0004,AM1,2023,15-04-2001,0,1,7.54,0.97,0
ALU0004,AM2,2024,15-04-2001,0,1,7.54,0.99,0
ALU0005,AM1,2021,14-12-2003,0,0,7.38,0.91,1
ALU0005,AM1,2022,14-12-2003,0,0,7.38,0.84,0
ALU0005,AM2,2023,14-12-2003,0,0,7.38,0.89,0
ALU0006,AM1,2022,03-02-2004,0,0,6.67,0.43,1
ALU0006,AM1,2023,03-02-2004,0,0,6.67,0.86,0
ALU0006,AM2,2024,03-02-2004,0,0,6.67,0.85,0
ALU0007,AM1,2022,24-01-2003,0,0,5.66,0.81,0
ALU0007,AM2,2023,24-01-2003,0,0,5.66,0.8,0
ALU0008,AM1,2020,10-09-2004,0,0,6.61,0.78,1
ALU0008,AM1,2021,10-09-2004,0,0,6.61,0.83,0
ALU0008,AM2,2022,10-09-2004,0,0,6.61,0.73,1
ALU0008,AM2,2023,10-09-2004,0,0,6.61,0.82,0
ALU0009,AM1,2024,23-04-2007,0,0,7.22,0.4,1
ALU0010,AM1,2020,28-04-2003,0,0,6.01,0.94,1
ALU0010,AM1,2021,28-04-2003,0,0,6.01,0.7,1
ALU0010,AM1,2022,28-04-2003,0,0,6.01,0.91,0
ALU0010,AM2,2023,28-04-2003,0,0,6.01,0.83,0
ALU0011,AM1,2022,12-03-2000,0,0,6.84,0.96,0
ALU0012,AM1,2020,21-10-2001,0,0,6.0,0.77,1
ALU0012,AM1,2021,21-10-2001,0,0,6.0,0.97,0
ALU0012,AM2,2022,21-10-2001,0,0,6.0,0.99,0
ALU0013,AM1,2023,21-05-2005,0,0,7.08,0.8,1
ALU0014,AM1,2020,27-04-2003,0,0,7.26,0.64,1
ALU0014,AM1,2021,27-04-2003,0,0,7.26,0.92,1
ALU0014,AM1,2022,27-04-2003,0,0,7.26,0.83,1
ALU0016,AM1,2023,09-03-2005,0,0,8.3,0.88,1
ALU0016,AM1,2024,09-03-2005,0,0,8.3,0.93,1
ALU0017,AM1,2024,19-07-2005,0,0,6.26,0.93,1
ALU0018,AM1,2024,03-08-2003,0,0,6.15,0.97,1
ALU0019,AM1,2021,14-11-2002,0,0,5.63,0.42,1
ALU0020,AM1,2023,09-09-2007,0,1,7.14,0.83,0
ALU0020,AM2,2024,09-09-2007,0,1,7.14,0.91,0
ALU0021,AM1,2020,18-11-2000,0,0,7.12,0.95,0
ALU0021,AM2,2021,18-11-2000,0,0,7.12,0.94,0
ALU0022,AM1,2022,06-07-2003,0,0,6.79,0.89,0
ALU0022,AM2,2023,06-07-2003,0,0,6.79,0.88,1
ALU0022,AM2,2024,06-07-2003,0,0,6.79,0.77,0
ALU0023,AM1,2022,25-09-2006,0,0,6.5,0.92,1
ALU0023,AM1,2023,25-09-2006,0,0,6.5,0.86,1
ALU0023,AM1,2024,25-09-2006,0,0,6.5,0.91,0
ALU0023,AM2,2025,25-09-2006,0,0,6.5,0.79,0
ALU0024,AM1,2022,17-11-2004,0,0,7.74,0.49,1
ALU0024,AM1,2023,17-11-2004,0,0,7.74,0.94,0
ALU0024,AM2,2024,17-11-2004,0,0,7.74,0.79,0
ALU0025,AM1,2024,01-09-2004,0,0,5.77,0.77,1
ALU0026,AM1,2022,08-05-2002,0,0,6.73,0.91,0
ALU0027,AM1,2020,16-12-2002,0,0,7.43,0.97,0
ALU0027,AM2,2021,16-12-2002,0,0,7.43,0.91,1
ALU0027,AM2,2022,16-12-2002,0,0,7.43,0.96,0
ALU0028,AM1,2021,22-03-2000,0,0,7.65,0.91,0
ALU0028,AM2,2022,22-03-2000,0,0,7.65,0.88,1
ALU0028,AM2,2023,22-03-2000,0,0,7.65,0.84,1
ALU0028,AM2,2024,22-03-2000,0,0,7.65,0.87,0
ALU0029,AM1,2024,07-07-2007,0,0,6.78,0.79,0
ALU0029,AM2,2025,07-07-2007,0,0,6.78,0.81,0
ALU0030,AM1,2022,22-07-2002,0,0,7.68,0.98,1
ALU0030,AM1,2023,22-07-2002,0,0,7.68,0.96,1
ALU0030,AM1,2024,22-07-2002,0,0,7.68,0.83,0
ALU0030,AM2,2025,22-07-2002,0,0,7.68,0.97,1
ALU0031,AM1,2020,08-04-2002,1,0,6.87,0.45,1
ALU0031,AM1,2021,08-04-2002,1,0,6.87,0.9,0
ALU0031,AM2,2022,08-04-2002,1,0,6.87,0.92,1
ALU0031,AM2,2023,08-04-2002,1,0,6.87,0.83,0
ALU0032,AM1,2024,01-04-2007,0,0,6.16,0.95,1
ALU0033,AM1,2020,03-06-1999,0,0,7.95,0.99,1
ALU0033,AM1,2021,03-06-1999,0,0,7.95,0.94,0
ALU0033,AM2,2022,03-06-1999,0,0,7.95,0.88,0
ALU0034,AM1,2024,24-03-2005,0,0,7.7,0.98,1
ALU0035,AM1,2023,07-07-2003,0,0,6.55,0.78,0
ALU0035,AM2,2024,07-07-2003,0,0,6.55,0.63,1
ALU0035,AM2,2025,07-07-2003,0,0,6.55,1.0,1
ALU0036,AM1,2023,28-08-2003,0,0,8.08,0.98,0
ALU0036,AM2,2024,28-08-2003,0,0,8.08,0.98,1
ALU0036,AM2,2025,28-08-2003,0,0,8.08,0.78,0
ALU0037,AM1,2020,13-01-2001,0,0,8.1,0.78,0
ALU0037,AM2,2021,13-01-2001,0,0,8.1,0.76,0
ALU0038,AM1,2021,18-04-2005,0,0,7.58,0.77,0
ALU0038,AM2,2022,18-04-2005,0,0,7.58,0.79,0
ALU0039,AM1,2021,15-02-2002,0,1,6.79,0.69,1
ALU0039,AM1,2022,15-02-2002,0,1,6.79,0.69,1
ALU0039,AM1,2023,15-02-2002,0,1,6.79,0.93,0
ALU0039,AM2,2024,15-02-2002,0,1,6.79,0.88,0
ALU0040,AM1,2024,03-01-2005,0,0,5.61,0.81,0
ALU0040,AM2,2025,03-01-2005,0,0,5.61,0.91,1
ALU0041,AM1,2023,07-08-2004,0,0,7.25,0.9,1
ALU0041,AM1,2024,07-08-2004,0,0,7.25,0.85,0
ALU0041,AM2,2025,07-08-2004,0,0,7.25,0.99,0
ALU0042,AM1,2020,09-07-1998,0,0,6.64,0.88,1
ALU0043,AM1,2024,23-11-2007,0,0,6.65,0.99,0
ALU0043,AM2,2025,23-11-2007,0,0,6.65,0.88,1
ALU0044,AM1,2020,24-10-1999,0,1,7.23,0.88,0
ALU0044,AM2,2021,24-10-1999,0,1,7.23,0.79,0
ALU0045,AM1,2024,17-08-2006,0,1,7.36,0.76,0
ALU0045,AM2,2025,17-08-2006,0,1,7.36,0.96,0
ALU0046,AM1,2024,28-02-2005,0,0,7.68,0.87,0
ALU0046,AM2,2025,28-02-2005,0,0,7.68,0.98,1
ALU0047,AM1,2021,04-07-2003,0,0,6.77,0.66,1
ALU0047,AM1,2022,04-07-2003,0,0,6.77,0.56,1
ALU0047,AM1,2023,04-07-2003,0,0,6.77,0.97,0
ALU0047,AM2,2024,04-07-2003,0,0,6.77,0.86,1
ALU0047,AM2,2025,04-07-2003,0,0,6.77,0.54,1
ALU0048,AM1,2020,03-10-2002,0,0,5.98,0.62,1
ALU0048,AM1,2021,03-10-2002,0,0,5.98,0.99,1
ALU0048,AM1,2022,03-10-2002,0,0,5.98,0.99,0
ALU0048,AM2,2023,03-10-2002,0,0,5.98,0.91,1
ALU0048,AM2,2024,03-10-2002,0,0,5.98,0.94,1
ALU0048,AM2,2025,03-10-2002,0,0,5.98,0.86,1
ALU0049,AM1,2022,22-04-2002,0,0,7.18,0.93,1
ALU0049,AM1,2023,22-04-2002,0,0,7.18,0.56,1
ALU0049,AM1,2024,22-04-2002,0,0,7.18,0.84,1
ALU0051,AM1,2024,04-10-2008,0,0,6.71,0.97,0
ALU0051,AM2,2025,04-10-2008,0,0,6.71,0.98,1
ALU0052,AM1,2022,08-02-2004,0,0,6.44,0.6,1
ALU0052,AM1,2023,08-02-2004,0,0,6.44,0.89,1
ALU0052,AM1,2024,08-02-2004,0,0,6.44,0.87,0
ALU0052,AM2,2025,08-02-2004,0,0,6.44,0.91,0
ALU0053,AM1,2022,26-10-2003,1,0,7.28,0.79,0
ALU0053,AM2,2023,26-10-2003,1,0,7.28,0.86,0
ALU0058,AM1,2021,09-11-2002,0,0,7.21,0.87,0
ALU0058,AM2,2022,09-11-2002,0,0,7.21,0.73,1
ALU0058,AM2,2023,09-11-2002,0,0,7.21,0.99,1
ALU0058,AM2,2024,09-11-2002,0,0,7.21,0.8,1
ALU0059,AM1,2024,04-01-2005,0,0,6.18,0.8,0
ALU0059,AM2,2025,04-01-2005,0,0,6.18,0.78,0
ALU0060,AM1,2024,27-01-2003,0,0,7.53,0.77,0
ALU0060,AM2,2025,27-01-2003,0,0,7.53,0.91,0
ALU0061,AM1,2020,12-05-1999,0,0,6.36,0.76,0
ALU0061,AM2,2021,12-05-1999,0,0,6.36,0.97,0
ALU0062,AM1,2022,22-04-2000,0,0,6.02,0.91,0
ALU0062,AM2,2023,22-04-2000,0,0,6.02,0.87,0
ALU0063,AM1,2023,24-10-2003,0,0,8.53,0.5,1
ALU0063,AM1,2024,24-10-2003,0,0,8.53,0.56,1
ALU0064,AM1,2021,01-07-2004,0,0,6.6,0.87,1
ALU0064,AM1,2022,01-07-2004,0,0,6.6,0.85,1
ALU0064,AM1,2023,01-07-2004,0,0,6.6,0.92,0
ALU0064,AM2,2024,01-07-2004,0,0,6.6,0.69,1
ALU0064,AM2,2025,01-07-2004,0,0,6.6,0.85,0
ALU0065,AM1,2023,28-11-2004,0,0,6.65,0.66,1
ALU0065,AM1,2024,28-11-2004,0,0,6.65,0.77,0
ALU0065,AM2,2025,28-11-2004,0,0,6.65,0.9,0
ALU0066,AM1,2020,28-07-2004,0,0,7.05,0.76,0
ALU0066,AM2,2021,28-07-2004,0,0,7.05,0.78,0
ALU0067,AM1,2023,10-06-2006,0,0,7.33,0.93,0
ALU0067,AM2,2024,10-06-2006,0,0,7.33,0.96,0
ALU0068,AM1,2021,11-07-2004,0,0,8.08,0.91,0
ALU0068,AM2,2022,11-07-2004,0,0,8.08,0.98,0
ALU0069,AM1,2022,17-11-2005,0,0,6.77,0.99,1
ALU0069,AM1,2023,17-11-2005,0,0,6.77,0.83,0
ALU0069,AM2,2024,17-11-2005,0,0,6.77,0.85,1
ALU0069,AM2,2025,17-11-2005,0,0,6.77,0.86,1
ALU0070,AM1,2020,09-02-1999,0,0,6.14,0.95,1
ALU0070,AM1,2021,09-02-1999,0,0,6.14,0.91,0
ALU0070,AM2,2022,09-02-1999,0,0,6.14,1.0,0
ALU0071,AM1,2020,14-10-2001,0,0,7.91,0.95,1
ALU0071,AM1,2021,14-10-2001,0,0,7.91,0.82,0
ALU0071,AM2,2022,14-10-2001,0,0,7.91,0.84,0
ALU0072,AM1,2024,13-02-2008,0,1,7.13,0.78,0
ALU0072,AM2,2025,13-02-2008,0,1,7.13,0.79,0
ALU0073,AM1,2023,17-01-2003,0,0,7.55,0.91,0
ALU0073,AM2,2024,17-01-2003,0,0,7.55,0.95,0
ALU0074,AM1,2021,14-06-2004,0,0,6.08,0.53,1
ALU0074,AM1,2022,14-06-2004,0,0,6.08,0.59,1
ALU0074,AM1,2023,14-06-2004,0,0,6.08,0.92,1
ALU0074,AM2,2024,14-06-2004,0,0,6.08,0.48,1
ALU0074,AM2,2025,14-06-2004,0,0,6.08,0.83,1
ALU0075,AM1,2022,28-11-2002,0,0,7.21,0.93,0
ALU0075,AM2,2023,28-11-2002,0,0,7.21,0.93,1
ALU0075,AM2,2024,28-11-2002,0,0,7.21,0.94,0
ALU0078,AM1,2024,10-01-2004,0,0,6.5,0.93,0
ALU0078,AM2,2025,10-01-2004,0,0,6.5,0.81,1
ALU0079,AM1,2022,15-08-1999,0,0,7.33,0.7,1
ALU0079,AM1,2023,15-08-1999,0,0,7.33,0.87,1
ALU0079,AM1,2024,15-08-1999,0,0,7.33,0.85,0
ALU0079,AM2,2025,15-08-1999,0,0,7.33,0.91,0
ALU0080,AM1,2021,03-11-2004,0,0,7.46,0.8,1
ALU0080,AM1,2022,03-11-2004,0,0,7.46,0.67,1
ALU0080,AM1,2023,03-11-2004,0,0,7.46,0.93,0
ALU0080,AM2,2024,03-11-2004,0,0,7.46,0.94,0
ALU0081,AM1,2020,22-04-2003,0,0,7.55,0.81,0
ALU0081,AM2,2021,22-04-2003,0,0,7.55,0.87,0
ALU0082,AM1,2020,16-04-1999,0,0,6.43,0.92,0
ALU0082,AM2,2021,16-04-1999,0,0,6.43,0.92,1
ALU0082,AM2,2022,16-04-1999,0,0,6.43,0.77,0
ALU0083,AM1,2024,23-04-2003,0,0,7.29,0.51,1
ALU0084,AM1,2020,25-02-1999,0,0,8.33,0.93,0
ALU0084,AM2,2021,25-02-1999,0,0,8.33,0.94,1
ALU0084,AM2,2022,25-02-1999,0,0,8.33,0.77,0
ALU0085,AM1,2024,02-08-2005,0,0,6.47,0.83,1
ALU0086,AM1,2021,22-08-2004,0,0,6.43,0.96,1
ALU0086,AM1,2022,22-08-2004,0,0,6.43,0.94,1
ALU0086,AM1,2023,22-08-2004,0,0,6.43,0.77,0
ALU0086,AM2,2024,22-08-2004,0,0,6.43,0.83,0
ALU0088,AM1,2024,06-08-2004,0,0,7.58,0.95,1
ALU0089,AM1,2021,09-11-2002,0,0,8.02,0.89,0
ALU0089,AM2,2022,09-11-2002,0,0,8.02,0.44,1
ALU0089,AM2,2023,09-11-2002,0,0,8.02,0.87,0
ALU0090,AM1,2022,03-08-2004,0,0,8.9,0.84,0
ALU0090,AM2,2023,03-08-2004,0,0,8.9,0.77,0
ALU0091,AM1,2024,05-02-2004,0,0,6.4,0.96,1
ALU0094,AM1,2024,16-07-2004,0,0,6.95,0.91,0
ALU0094,AM2,2025,16-07-2004,0,0,6.95,0.87,1
ALU0095,AM1,2023,24-09-2006,0,0,5.94,0.78,0
ALU0095,AM2,2024,24-09-2006,0,0,5.94,0.91,1
ALU0095,AM2,2025,24-09-2006,0,0,5.94,0.93,0
ALU0096,AM1,2023,09-04-2005,1,0,7.6,0.83,0
ALU0096,AM2,2024,09-04-2005,1,0,7.6,0.9,0
ALU0097,AM1,2023,06-12-2004,0,0,6.13,0.81,1
ALU0097,AM1,2024,06-12-2004,0,0,6.13,0.64,1
ALU0099,AM1,2023,28-03-2006,0,0,7.11,0.89,1
ALU0099,AM1,2024,28-03-2006,0,0,7.11,0.93,0
ALU0099,AM2,2025,28-03-2006,0,0,7.11,0.69,1
ALU0100,AM1,2021,11-08-2002,0,0,6.2,0.99,1
ALU0100,AM1,2022,11-08-2002,0,0,6.2,0.98,0
ALU0101,AM1,2023,27-05-2003,1,0,7.39,0.96,0
ALU0101,AM2,2024,27-05-2003,1,0,7.39,0.79,1
ALU0103,AM1,2020,07-04-2004,0,0,6.34,0.66,1
ALU0103,AM1,2021,07-04-2004,0,0,6.34,0.89,0
ALU0103,AM2,2022,07-04-2004,0,0,6.34,0.94,1
ALU0103,AM2,2023,07-04-2004,0,0,6.34,0.87,0
ALU0104,AM1,2023,04-11-2003,0,0,7.36,0.83,1
ALU0104,AM1,2024,04-11-2003,0,0,7.36,0.8,1
ALU0105,AM1,2022,20-03-2002,0,0,9.7,0.87,0
ALU0105,AM2,2023,20-03-2002,0,0,9.7,0.87,0
ALU0106,AM1,2021,04-05-2001,0,0,7.79,0.83,1
ALU0106,AM1,2022,04-05-2001,0,0,7.79,0.82,1
ALU0106,AM1,2023,04-05-2001,0,0,7.79,0.92,0
ALU0106,AM2,2024,04-05-2001,0,0,7.79,0.87,1
ALU0106,AM2,2025,04-05-2001,0,0,7.79,0.97,1
ALU0107,AM1,2023,23-07-2002,0,0,7.46,0.82,1
ALU0107,AM1,2024,23-07-2002,0,0,7.46,0.92,0
ALU0107,AM2,2025,23-07-2002,0,0,7.46,0.99,1
ALU0108,AM1,2021,23-02-2003,0,0,7.53,0.78,1
ALU0108,AM1,2022,23-02-2003,0,0,7.53,0.91,1
ALU0108,AM1,2023,23-02-2003,0,0,7.53,0.87,0
ALU0108,AM2,2024,23-02-2003,0,0,7.53,0.77,0
ALU0110,AM1,2020,21-09-2002,0,0,7.06,0.93,1
ALU0110,AM1,2021,21-09-2002,0,0,7.06,0.81,0
ALU0110,AM2,2022,21-09-2002,0,0,7.06,0.68,1
ALU0110,AM2,2023,21-09-2002,0,0,7.06,0.87,0
ALU0111,AM1,2020,12-07-1996,0,0,5.69,0.98,1
ALU0111,AM1,2021,12-07-1996,0,0,5.69,0.68,1
ALU0111,AM1,2022,12-07-1996,0,0,5.69,0.95,0
ALU0111,AM2,2023,12-07-1996,0,0,5.69,0.94,1
ALU0111,AM2,2024,12-07-1996,0,0,5.69,0.76,1
ALU0111,AM2,2025,12-07-1996,0,0,5.69,0.91,0
ALU0112,AM1,2023,24-03-2003,0,0,5.87,0.82,0
ALU0112,AM2,2024,24-03-2003,0,0,5.87,0.96,0
ALU0113,AM1,2024,15-08-2006,0,0,7.76,0.84,0
ALU0113,AM2,2025,15-08-2006,0,0,7.76,0.17,1
ALU0114,AM1,2021,09-02-2002,0,0,6.25,0.9,1
ALU0116,AM1,2023,12-04-2005,0,0,7.15,0.81,0
ALU0116,AM2,2024,12-04-2005,0,0,7.15,0.87,0
ALU0117,AM1,2022,01-09-2003,0,0,6.54,0.84,1
ALU0117,AM1,2023,01-09-2003,0,0,6.54,0.97,0
ALU0117,AM2,2024,01-09-2003,0,0,6.54,0.98,0
ALU0118,AM1,2023,18-08-2000,0,0,7.44,0.95,0
ALU0118,AM2,2024,18-08-2000,0,0,7.44,1.0,0
ALU0119,AM1,2023,26-08-2007,0,0,7.13,0.95,0
ALU0119,AM2,2024,26-08-2007,0,0,7.13,0.89,1
ALU0119,AM2,2025,26-08-2007,0,0,7.13,0.97,0
ALU0120,AM1,2021,22-05-2003,0,0,7.6,0.89,0
ALU0120,AM2,2022,22-05-2003,0,0,7.6,0.57,1
ALU0120,AM2,2023,22-05-2003,0,0,7.6,0.89,0
ALU0121,AM1,2023,18-12-2006,0,0,6.92,0.8,0
ALU0121,AM2,2024,18-12-2006,0,0,6.92,0.58,1
ALU0121,AM2,2025,18-12-2006,0,0,6.92,0.95,1
ALU0123,AM1,2021,07-04-2004,0,0,6.77,0.93,0
ALU0123,AM2,2022,07-04-2004,0,0,6.77,0.99,1
ALU0123,AM2,2023,07-04-2004,0,0,6.77,0.92,0
ALU0124,AM1,2024,10-10-2006,0,0,6.54,0.93,1
ALU0125,AM1,2022,10-03-1999,0,0,7.28,0.45,1
ALU0125,AM1,2023,10-03-1999,0,0,7.28,0.79,0
ALU0126,AM1,2020,10-09-2004,0,0,7.64,0.81,0
ALU0126,AM2,2021,10-09-2004,0,0,7.64,0.91,0
ALU0127,AM1,2023,28-02-2000,0,0,7.72,0.84,0
ALU0127,AM2,2024,28-02-2000,0,0,7.72,0.78,0
ALU0128,AM1,2022,02-03-2006,0,0,6.66,0.54,1
ALU0128,AM1,2023,02-03-2006,0,0,6.66,0.88,0
ALU0128,AM2,2024,02-03-2006,0,0,6.66,0.83,1
ALU0128,AM2,2025,02-03-2006,0,0,6.66,0.87,0
ALU0129,AM1,2020,16-07-1998,0,1,6.5,0.85,0
ALU0129,AM2,2021,16-07-1998,0,1,6.5,0.94,0
ALU0130,AM1,2021,10-10-2001,0,0,7.54,0.85,0
ALU0130,AM2,2022,10-10-2001,0,0,7.54,0.44,1
ALU0131,AM1,2023,20-10-2006,0,0,6.96,0.77,0
ALU0131,AM2,2024,20-10-2006,0,0,6.96,0.54,1
ALU0131,AM2,2025,20-10-2006,0,0,6.96,0.95,1
ALU0132,AM1,2023,10-08-2007,0,0,6.28,0.92,1
ALU0133,AM1,2024,20-01-2006,0,0,6.13,0.96,0
ALU0133,AM2,2025,20-01-2006,0,0,6.13,0.98,1
ALU0134,AM1,2021,22-05-1999,0,0,6.0,0.88,0
ALU0134,AM2,2022,22-05-1999,0,0,6.0,0.85,1
ALU0134,AM2,2023,22-05-1999,0,0,6.0,0.97,1
ALU0134,AM2,2024,22-05-1999,0,0,6.0,0.79,0
ALU0135,AM1,2021,14-01-2003,0,0,7.09,0.93,1
ALU0135,AM1,2022,14-01-2003,0,0,7.09,0.82,1
ALU0135,AM1,2023,14-01-2003,0,0,7.09,0.77,1
ALU0136,AM1,2021,23-05-1999,0,1,5.99,0.88,0
ALU0136,AM2,2022,23-05-1999,0,1,5.99,0.59,1
ALU0136,AM2,2023,23-05-1999,0,1,5.99,0.89,0
ALU0137,AM1,2021,26-05-2000,0,0,7.01,0.92,0
ALU0138,AM1,2021,04-07-2004,0,0,7.32,0.96,0
ALU0138,AM2,2022,04-07-2004,0,0,7.32,0.84,0
ALU0139,AM1,2021,02-02-2002,0,0,6.58,0.87,0
ALU0139,AM2,2022,02-02-2002,0,0,6.58,0.88,0
ALU0140,AM1,2024,15-05-2005,0,0,6.73,0.99,1
ALU0141,AM1,2022,18-09-2003,0,1,7.46,0.64,1
ALU0141,AM1,2023,18-09-2003,0,1,7.46,0.95,0
ALU0141,AM2,2024,18-09-2003,0,1,7.46,0.88,0
ALU0142,AM1,2023,11-12-2001,1,0,6.13,0.99,0
ALU0142,AM2,2024,11-12-2001,1,0,6.13,0.8,0
ALU0143,AM1,2024,01-10-2001,0,0,5.63,0.82,0
ALU0143,AM2,2025,01-10-2001,0,0,5.63,0.96,1
ALU0145,AM1,2024,21-07-2004,0,0,6.56,0.97,0
ALU0145,AM2,2025,21-07-2004,0,0,6.56,0.88,0
ALU0146,AM1,2023,11-06-2004,0,0,6.65,0.85,0
ALU0146,AM2,2024,11-06-2004,0,0,6.65,0.93,1
ALU0146,AM2,2025,11-06-2004,0,0,6.65,0.99,1
ALU0147,AM1,2023,22-05-2005,0,0,7.59,0.82,1
ALU0147,AM1,2024,22-05-2005,0,0,7.59,0.86,1
ALU0150,AM1,2024,20-06-2003,0,0,7.44,0.8,1
ALU0152,AM1,2023,01-02-2003,0,0,7.43,0.81,1
ALU0152,AM1,2024,01-02-2003,0,0,7.43,0.92,0
ALU0152,AM2,2025,01-02-2003,0,0,7.43,0.8,0
ALU0153,AM1,2021,18-05-2002,0,0,7.08,0.42,1
ALU0153,AM1,2022,18-05-2002,0,0,7.08,0.93,1
ALU0153,AM1,2023,18-05-2002,0,0,7.08,0.97,1
ALU0154,AM1,2020,04-08-1998,0,0,6.59,1.0,0
ALU0154,AM2,2021,04-08-1998,0,0,6.59,0.87,1
ALU0154,AM2,2022,04-08-1998,0,0,6.59,0.93,0
ALU0155,AM1,2022,23-09-2002,0,0,6.86,0.91,1
ALU0155,AM1,2023,23-09-2002,0,0,6.86,0.9,0
ALU0155,AM2,2024,23-09-2002,0,0,6.86,0.77,1
ALU0155,AM2,2025,23-09-2002,0,0,6.86,0.96,0
ALU0157,AM1,2021,09-02-2000,0,0,7.57,0.77,0
ALU0157,AM2,2022,09-02-2000,0,0,7.57,0.88,0
ALU0158,AM1,2024,27-05-2002,0,0,7.01,0.81,1
ALU0159,AM1,2024,16-11-2004,0,0,6.78,0.97,1
ALU0160,AM1,2022,25-09-2002,0,0,6.91,0.68,1
ALU0160,AM1,2023,25-09-2002,0,0,6.91,0.76,0
ALU0160,AM2,2024,25-09-2002,0,0,6.91,0.82,0
ALU0161,AM1,2021,08-12-2002,0,0,7.42,0.92,1
ALU0161,AM1,2022,08-12-2002,0,0,7.42,0.85,0
ALU0161,AM2,2023,08-12-2002,0,0,7.42,0.94,1
ALU0161,AM2,2024,08-12-2002,0,0,7.42,0.92,0
ALU0162,AM1,2020,24-06-2003,0,0,8.46,0.78,0
ALU0162,AM2,2021,24-06-2003,0,0,8.46,0.79,0
ALU0163,AM1,2021,02-08-2004,0,0,6.15,0.99,0
ALU0163,AM2,2022,02-08-2004,0,0,6.15,0.85,1
ALU0163,AM2,2023,02-08-2004,0,0,6.15,0.79,0
ALU0168,AM1,2024,20-01-2003,0,0,6.9,0.8,0
ALU0168,AM2,2025,20-01-2003,0,0,6.9,0.77,1
ALU0169,AM1,2021,03-12-2004,0,0,6.78,0.9,1
ALU0169,AM1,2022,03-12-2004,0,0,6.78,0.48,1
ALU0169,AM1,2023,03-12-2004,0,0,6.78,0.44,1
ALU0171,AM1,2020,12-05-2003,0,0,7.17,0.9,1
ALU0171,AM1,2021,12-05-2003,0,0,7.17,0.94,0
ALU0172,AM1,2024,26-11-2005,0,0,6.65,0.76,1
ALU0173,AM1,2023,22-10-2005,0,0,7.16,0.79,1
ALU0173,AM1,2024,22-10-2005,0,0,7.16,0.8,1
ALU0174,AM1,2023,09-11-2007,0,0,6.01,0.87,1
ALU0175,AM1,2023,22-05-2005,0,0,6.85,0.79,1
ALU0176,AM1,2024,21-05-2004,0,0,8.03,0.94,0
ALU0176,AM2,2025,21-05-2004,0,0,8.03,0.94,0
ALU0178,AM1,2022,10-10-2003,0,0,6.3,0.94,0
ALU0178,AM2,2023,10-10-2003,0,0,6.3,0.95,0
ALU0179,AM1,2023,01-05-2004,0,0,6.8,0.98,1
ALU0180,AM1,2020,24-10-2000,0,0,6.42,0.67,1
ALU0180,AM1,2021,24-10-2000,0,0,6.42,0.84,1
ALU0180,AM1,2022,24-10-2000,0,0,6.42,0.81,1
ALU0181,AM1,2021,26-10-2001,0,0,8.07,0.43,1
ALU0181,AM1,2022,26-10-2001,0,0,8.07,0.84,0
ALU0183,AM1,2023,19-01-2003,0,0,6.72,0.99,1
ALU0183,AM1,2024,19-01-2003,0,0,6.72,0.59,1
ALU0184,AM1,2022,14-12-2003,0,0,7.01,0.82,0
ALU0184,AM2,2023,14-12-2003,0,0,7.01,0.79,1
ALU0184,AM2,2024,14-12-2003,0,0,7.01,0.65,1
ALU0184,AM2,2025,14-12-2003,0,0,7.01,0.44,1
ALU0185,AM1,2022,17-09-2003,0,0,6.46,0.86,0
ALU0185,AM2,2023,17-09-2003,0,0,6.46,0.95,0
ALU0186,AM1,2023,24-05-2004,0,0,7.35,0.77,0
ALU0186,AM2,2024,24-05-2004,0,0,7.35,0.91,0
ALU0188,AM1,2023,12-09-2000,0,0,6.46,0.99,1
ALU0188,AM1,2024,12-09-2000,0,0,6.46,0.93,1
ALU0189,AM1,2020,12-08-1999,0,0,7.13,0.94,0
ALU0189,AM2,2021,12-08-1999,0,0,7.13,0.91,0
ALU0190,AM1,2022,22-02-1999,1,0,6.43,0.85,0
ALU0190,AM2,2023,22-02-1999,1,0,6.43,0.63,1
ALU0190,AM2,2024,22-02-1999,1,0,6.43,0.97,0
ALU0191,AM1,2024,20-06-2007,0,0,6.58,0.99,0
ALU0191,AM2,2025,20-06-2007,0,0,6.58,0.63,1
ALU0192,AM1,2022,14-11-2006,1,1,6.63,1.0,0
ALU0193,AM1,2023,04-02-2006,0,0,7.11,0.96,0
ALU0194,AM1,2022,24-11-2002,0,0,8.31,0.89,1
ALU0195,AM1,2021,21-07-2000,0,0,6.6,0.51,1
ALU0195,AM1,2022,21-07-2000,0,0,6.6,0.51,1
ALU0195,AM1,2023,21-07-2000,0,0,6.6,0.89,1
ALU0196,AM1,2022,23-01-2005,0,0,7.34,0.96,0
ALU0196,AM2,2023,23-01-2005,0,0,7.34,0.76,0
ALU0197,AM1,2022,22-02-2006,0,0,8.28,0.85,0
ALU0197,AM2,2023,22-02-2006,0,0,8.28,0.94,1
ALU0197,AM2,2024,22-02-2006,0,0,8.28,0.65,1
ALU0197,AM2,2025,22-02-2006,0,0,8.28,0.97,1
ALU0198,AM1,2020,09-07-1999,0,0,6.67,0.96,0
ALU0198,AM2,2021,09-07-1999,0,0,6.67,0.84,1
ALU0198,AM2,2022,09-07-1999,0,0,6.67,0.47,1
ALU0198,AM2,2023,09-07-1999,0,0,6.67,0.84,0
ALU0199,AM1,2023,22-02-2007,0,0,7.95,0.64,1
ALU0199,AM1,2024,22-02-2007,0,0,7.95,0.91,1
ALU0200,AM1,2020,08-06-2001,0,0,7.87,0.87,1
ALU0201,AM1,2024,19-04-2008,0,0,6.58,0.78,0
ALU0201,AM2,2025,19-04-2008,0,0,6.58,0.79,1
ALU0203,AM1,2024,26-05-2006,0,1,7.44,0.87,0
ALU0203,AM2,2025,26-05-2006,0,1,7.44,0.96,0
ALU0204,AM1,2020,26-06-2003,0,1,6.9,0.93,0
ALU0204,AM2,2021,26-06-2003,0,1,6.9,0.77,0
ALU0205,AM1,2022,05-01-2003,0,0,7.36,0.96,0
ALU0206,AM1,2023,25-08-2003,0,0,6.21,0.87,0
ALU0206,AM2,2024,25-08-2003,0,0,6.21,0.8,0
ALU0207,AM1,2021,02-10-2005,0,0,7.89,0.95,1
ALU0207,AM1,2022,02-10-2005,0,0,7.89,0.79,1
ALU0207,AM1,2023,02-10-2005,0,0,7.89,0.8,0
ALU0209,AM1,2023,22-07-2001,0,0,7.08,0.89,0
ALU0209,AM2,2024,22-07-2001,0,0,7.08,0.81,0
ALU0210,AM1,2020,20-06-1999,0,0,7.05,0.88,0
ALU0211,AM1,2024,23-09-2001,0,0,8.23,0.91,0
ALU0211,AM2,2025,23-09-2001,0,0,8.23,0.84,1
ALU0212,AM1,2023,20-09-2004,0,0,7.68,0.66,1
ALU0212,AM1,2024,20-09-2004,0,0,7.68,0.68,1
ALU0213,AM1,2024,28-12-2004,0,0,7.96,0.88,0
ALU0213,AM2,2025,28-12-2004,0,0,7.96,0.97,0
ALU0214,AM1,2022,13-08-2005,0,0,7.48,0.94,0
ALU0214,AM2,2023,13-08-2005,0,0,7.48,0.51,1
ALU0215,AM1,2022,05-06-2001,0,1,5.77,0.85,0
ALU0215,AM2,2023,05-06-2001,0,1,5.77,0.77,1
ALU0216,AM1,2020,14-02-2003,0,0,5.57,0.99,0
ALU0216,AM2,2021,14-02-2003,0,0,5.57,0.98,0
ALU0217,AM1,2024,19-01-2006,0,0,7.5,0.86,0
ALU0217,AM2,2025,19-01-2006,0,0,7.5,0.79,1
ALU0219,AM1,2020,20-05-1998,0,0,6.03,0.77,0
ALU0219,AM2,2021,20-05-1998,0,0,6.03,0.86,0
ALU0220,AM1,2021,16-11-2005,0,0,6.96,0.64,1
ALU0220,AM1,2022,16-11-2005,0,0,6.96,0.79,0
ALU0220,AM2,2023,16-11-2005,0,0,6.96,0.92,0
ALU0221,AM1,2022,25-02-2002,0,0,6.98,0.82,0
ALU0221,AM2,2023,25-02-2002,0,0,6.98,0.85,0
ALU0222,AM1,2024,20-10-2008,0,0,6.94,0.77,1
ALU0223,AM1,2022,06-01-2006,0,0,7.47,0.76,0
ALU0223,AM2,2023,06-01-2006,0,0,7.47,0.84,1
ALU0223,AM2,2024,06-01-2006,0,0,7.47,0.81,0
ALU0224,AM1,2022,06-01-2002,0,0,6.34,0.83,1
ALU0224,AM1,2023,06-01-2002,0,0,6.34,0.98,1
ALU0224,AM1,2024,06-01-2002,0,0,6.34,0.64,1
ALU0225,AM1,2021,21-12-2003,0,0,6.26,0.93,0
ALU0225,AM2,2022,21-12-2003,0,0,6.26,0.77,1
ALU0225,AM2,2023,21-12-2003,0,0,6.26,0.77,1
ALU0225,AM2,2024,21-12-2003,0,0,6.26,0.81,0
ALU0226,AM1,2023,15-07-2004,0,0,7.67,0.91,0
ALU0226,AM2,2024,15-07-2004,0,0,7.67,0.86,0
ALU0227,AM1,2024,03-10-2007,0,0,7.35,0.54,1
ALU0228,AM1,2020,03-11-2002,0,0,6.44,0.78,0
ALU0228,AM2,2021,03-11-2002,0,0,6.44,0.81,0
ALU0229,AM1,2023,09-07-2004,0,0,6.28,1.0,1
ALU0229,AM1,2024,09-07-2004,0,0,6.28,0.82,0
ALU0229,AM2,2025,09-07-2004,0,0,6.28,0.91,0
ALU0230,AM1,2020,22-05-2002,0,0,6.16,0.99,0
ALU0232,AM1,2021,25-03-2003,0,1,7.15,1.0,0
ALU0233,AM1,2023,05-03-2004,0,0,6.85,0.93,1
ALU0233,AM1,2024,05-03-2004,0,0,6.85,0.81,0
ALU0233,AM2,2025,05-03-2004,0,0,6.85,0.9,1
ALU0234,AM1,2022,13-02-2002,1,1,7.53,0.9,0
ALU0234,AM2,2023,13-02-2002,1,1,7.53,0.84,0
ALU0235,AM1,2020,19-06-2002,0,0,6.6,0.77,1
ALU0235,AM1,2021,19-06-2002,0,0,6.6,0.9,1
ALU0235,AM1,2022,19-06-2002,0,0,6.6,0.86,1
ALU0236,AM1,2022,13-02-2004,0,0,5.39,0.82,1
ALU0236,AM1,2023,13-02-2004,0,0,5.39,0.71,1
ALU0236,AM1,2024,13-02-2004,0,0,5.39,0.56,1
ALU0236,AM2,2025,13-02-2004,0,0,5.39,0.66,1
ALU0237,AM1,2024,27-08-2008,0,0,7.96,0.62,1
ALU0238,AM1,2020,14-04-1998,0,0,6.83,0.93,1
ALU0238,AM1,2021,14-04-1998,0,0,6.83,0.79,0
ALU0238,AM2,2022,14-04-1998,0,0,6.83,0.81,1
ALU0238,AM2,2023,14-04-1998,0,0,6.83,0.85,0
ALU0239,AM1,2022,11-12-2002,0,1,7.22,0.95,0
ALU0239,AM2,2023,11-12-2002,0,1,7.22,0.88,0
ALU0240,AM1,2020,17-09-1995,0,0,7.78,0.48,1
ALU0240,AM1,2021,17-09-1995,0,0,7.78,0.96,0
ALU0241,AM1,2021,04-04-2002,0,0,6.33,0.53,1
ALU0241,AM1,2022,04-04-2002,0,0,6.33,0.79,1
ALU0241,AM1,2023,04-04-2002,0,0,6.33,0.45,1
ALU0242,AM1,2020,25-03-2004,0,0,7.14,0.99,1
ALU0242,AM1,2021,25-03-2004,0,0,7.14,0.62,1
ALU0242,AM1,2022,25-03-2004,0,0,7.14,0.98,0
ALU0242,AM2,2023,25-03-2004,0,0,7.14,0.84,0
ALU0244,AM1,2024,28-06-2006,0,0,6.24,0.95,1
ALU0245,AM1,2023,21-08-2001,0,1,7.62,0.84,0
ALU0245,AM2,2024,21-08-2001,0,1,7.62,0.83,0
ALU0246,AM1,2024,10-02-2005,1,0,8.04,0.95,0
ALU0246,AM2,2025,10-02-2005,1,0,8.04,0.93,0
ALU0247,AM1,2022,21-02-2003,0,0,6.4,0.93,0
ALU0247,AM2,2023,21-02-2003,0,0,6.4,0.86,1
ALU0247,AM2,2024,21-02-2003,0,0,6.4,0.92,0
ALU0248,AM1,2024,15-07-2002,0,0,7.38,0.79,0
ALU0248,AM2,2025,15-07-2002,0,0,7.38,0.83,0
ALU0249,AM1,2020,26-08-2003,0,0,6.87,0.78,1
ALU0249,AM1,2021,26-08-2003,0,0,6.87,0.99,0
ALU0249,AM2,2022,26-08-2003,0,0,6.87,0.98,1
ALU0249,AM2,2023,26-08-2003,0,0,6.87,1.0,1
ALU0249,AM2,2024,26-08-2003,0,0,6.87,0.82,1
ALU0250,AM1,2024,02-03-2007,0,0,6.03,0.88,1
ALU0251,AM1,2020,21-09-1999,0,0,8.34,0.94,0
ALU0252,AM1,2023,17-09-2007,0,0,7.39,0.51,1
ALU0252,AM1,2024,17-09-2007,0,0,7.39,0.98,0
ALU0252,AM2,2025,17-09-2007,0,0,7.39,0.84,0
ALU0254,AM1,2022,11-02-2004,0,0,6.4,0.98,0
ALU0254,AM2,2023,11-02-2004,0,0,6.4,0.97,0
ALU0255,AM1,2024,11-03-2005,0,0,6.42,0.85,1
ALU0256,AM1,2022,23-11-2002,0,0,6.96,0.44,1
ALU0256,AM1,2023,23-11-2002,0,0,6.96,0.86,0
ALU0256,AM2,2024,23-11-2002,0,0,6.96,0.92,0
ALU0257,AM1,2020,18-05-2001,0,0,6.36,0.86,1
ALU0257,AM1,2021,18-05-2001,0,0,6.36,0.87,0
ALU0257,AM2,2022,18-05-2001,0,0,6.36,0.78,0
ALU0258,AM1,2024,21-02-2006,0,1,7.53,0.91,0
ALU0258,AM2,2025,21-02-2006,0,1,7.53,0.76,0
ALU0259,AM1,2022,07-03-2002,0,0,6.32,0.52,1
ALU0259,AM1,2023,07-03-2002,0,0,6.32,0.85,1
ALU0259,AM1,2024,07-03-2002,0,0,6.32,0.62,1
ALU0259,AM2,2025,07-03-2002,0,0,6.32,0.81,1
ALU0260,AM1,2021,03-03-2002,0,0,7.53,0.93,1
ALU0260,AM1,2022,03-03-2002,0,0,7.53,0.77,0
ALU0260,AM2,2023,03-03-2002,0,0,7.53,0.8,1
ALU0260,AM2,2024,03-03-2002,0,0,7.53,0.96,0
ALU0261,AM1,2024,17-12-2008,0,0,7.38,0.97,1
ALU0262,AM1,2021,13-10-2003,0,0,7.4,0.79,1
ALU0262,AM1,2022,13-10-2003,0,0,7.4,0.49,1
ALU0262,AM1,2023,13-10-2003,0,0,7.4,0.82,1
ALU0264,AM1,2021,20-08-2005,0,0,7.03,0.49,1
ALU0264,AM1,2022,20-08-2005,0,0,7.03,0.95,0
ALU0264,AM2,2023,20-08-2005,0,0,7.03,0.8,1
ALU0264,AM2,2024,20-08-2005,0,0,7.03,0.92,0
ALU0265,AM1,2024,10-04-2004,0,0,6.37,0.76,0
ALU0265,AM2,2025,10-04-2004,0,0,6.37,0.73,1
ALU0266,AM1,2021,22-06-2001,0,0,5.84,0.82,0
ALU0266,AM2,2022,22-06-2001,0,0,5.84,0.8,0
ALU0267,AM1,2022,17-07-2003,0,0,6.15,0.79,1
ALU0267,AM1,2023,17-07-2003,0,0,6.15,0.83,1
ALU0267,AM1,2024,17-07-2003,0,0,6.15,0.78,1
ALU0268,AM1,2024,28-03-2006,0,0,7.03,0.49,1
ALU0271,AM1,2021,12-08-2000,0,0,6.21,0.79,0
ALU0271,AM2,2022,12-08-2000,0,0,6.21,0.78,1
ALU0271,AM2,2023,12-08-2000,0,0,6.21,0.76,0
ALU0272,AM1,2022,13-04-2002,0,1,8.01,0.96,0
ALU0272,AM2,2023,13-04-2002,0,1,8.01,0.99,0
ALU0273,AM1,2020,21-12-2004,0,1,6.44,0.78,0
ALU0273,AM2,2021,21-12-2004,0,1,6.44,0.83,0
ALU0274,AM1,2023,27-12-2003,0,0,6.86,0.91,1
ALU0274,AM1,2024,27-12-2003,0,0,6.86,0.57,1
ALU0275,AM1,2020,01-02-2000,0,0,6.58,0.99,1
ALU0275,AM1,2021,01-02-2000,0,0,6.58,0.85,0
ALU0275,AM2,2022,01-02-2000,0,0,6.58,0.94,0
ALU0276,AM1,2024,14-09-2005,0,0,6.89,0.99,0
ALU0276,AM2,2025,14-09-2005,0,0,6.89,0.8,1
ALU0277,AM1,2020,14-04-1999,0,1,7.18,0.81,0
ALU0277,AM2,2021,14-04-1999,0,1,7.18,0.52,1
ALU0277,AM2,2022,14-04-1999,0,1,7.18,1.0,0
ALU0278,AM1,2023,18-10-2003,0,0,6.71,0.97,1
ALU0278,AM1,2024,18-10-2003,0,0,6.71,0.78,1
ALU0279,AM1,2021,14-05-2003,0,0,6.7,0.57,1
ALU0280,AM1,2021,22-11-2001,0,1,6.71,0.82,0
ALU0280,AM2,2022,22-11-2001,0,1,6.71,0.97,0
ALU0281,AM1,2024,17-09-2004,0,1,8.45,0.98,0
ALU0281,AM2,2025,17-09-2004,0,1,8.45,0.87,0
ALU0283,AM1,2022,12-02-2001,0,0,6.71,0.98,1
ALU0283,AM1,2023,12-02-2001,0,0,6.71,0.82,0
ALU0284,AM1,2024,25-12-2008,1,0,6.29,0.55,1
ALU0285,AM1,2021,15-11-2005,0,0,6.75,0.8,0
ALU0285,AM2,2022,15-11-2005,0,0,6.75,0.72,1
ALU0285,AM2,2023,15-11-2005,0,0,6.75,0.72,1
ALU0285,AM2,2024,15-11-2005,0,0,6.75,0.89,0
ALU0286,AM1,2021,23-02-2002,0,0,8.17,0.57,1
ALU0286,AM1,2022,23-02-2002,0,0,8.17,0.8,0
ALU0286,AM2,2023,23-02-2002,0,0,8.17,0.98,0
ALU0287,AM1,2020,02-04-2000,0,0,6.85,0.89,1
ALU0287,AM1,2021,02-04-2000,0,0,6.85,0.82,1
ALU0287,AM1,2022,02-04-2000,0,0,6.85,0.98,0
ALU0287,AM2,2023,02-04-2000,0,0,6.85,0.9,1
ALU0287,AM2,2024,02-04-2000,0,0,6.85,0.9,0
ALU0288,AM1,2024,09-08-2003,0,0,5.45,0.95,1
ALU0289,AM1,2020,11-11-2001,0,0,7.54,0.76,1
ALU0289,AM1,2021,11-11-2001,0,0,7.54,0.87,0
ALU0289,AM2,2022,11-11-2001,0,0,7.54,0.61,1
ALU0289,AM2,2023,11-11-2001,0,0,7.54,0.85,0
ALU0290,AM1,2023,15-12-2007,0,0,7.8,0.97,1
ALU0290,AM1,2024,15-12-2007,0,0,7.8,0.91,1
ALU0291,AM1,2023,16-12-2003,0,0,6.71,0.76,0
ALU0291,AM2,2024,16-12-2003,0,0,6.71,0.84,0
ALU0292,AM1,2020,14-12-2000,0,0,8.59,0.71,1
ALU0292,AM1,2021,14-12-2000,0,0,8.59,0.95,0
ALU0292,AM2,2022,14-12-2000,0,0,8.59,0.85,0
ALU0293,AM1,2024,11-05-2005,0,0,7.17,0.91,0
ALU0293,AM2,2025,11-05-2005,0,0,7.17,0.11,1
ALU0294,AM1,2023,23-10-2005,0,0,6.41,0.93,0
ALU0294,AM2,2024,23-10-2005,0,0,6.41,0.89,1
ALU0294,AM2,2025,23-10-2005,0,0,6.41,0.92,0
ALU0295,AM1,2020,28-12-1999,0,0,6.4,0.8,1
ALU0295,AM1,2021,28-12-1999,0,0,6.4,0.96,0
ALU0295,AM2,2022,28-12-1999,0,0,6.4,0.86,1
ALU0296,AM1,2020,22-02-2001,0,0,6.67,0.44,1
ALU0296,AM1,2021,22-02-2001,0,0,6.67,0.69,1
ALU0296,AM1,2022,22-02-2001,0,0,6.67,0.7,1
ALU0296,AM2,2023,22-02-2001,0,0,6.67,0.85,1
ALU0296,AM2,2024,22-02-2001,0,0,6.67,0.97,1
ALU0296,AM2,2025,22-02-2001,0,0,6.67,0.99,1
ALU0297,AM1,2021,05-01-2001,0,0,7.23,0.81,0
ALU0297,AM2,2022,05-01-2001,0,0,7.23,0.81,0
ALU0298,AM1,2021,08-02-2000,0,0,6.64,0.99,0
ALU0298,AM2,2022,08-02-2000,0,0,6.64,0.65,1
ALU0298,AM2,2023,08-02-2000,0,0,6.64,0.98,0
ALU0299,AM1,2024,20-01-2006,0,0,6.31,0.77,0
ALU0299,AM2,2025,20-01-2006,0,0,6.31,0.6,1
ALU0300,AM1,2023,19-02-2005,0,0,7.26,0.8,0
ALU0300,AM2,2024,19-02-2005,0,0,7.26,0.87,0
ALU0301,AM1,2022,04-04-2001,0,0,6.35,0.87,1
ALU0301,AM1,2023,04-04-2001,0,0,6.35,0.6,1
ALU0301,AM1,2024,04-04-2001,0,0,6.35,1.0,0
ALU0301,AM2,2025,04-04-2001,0,0,6.35,1.0,0
ALU0302,AM1,2024,09-02-2003,0,0,7.95,0.93,0
ALU0302,AM2,2025,09-02-2003,0,0,7.95,0.62,1
ALU0303,AM1,2024,23-05-2004,0,0,8.31,0.46,1
ALU0304,AM1,2020,06-08-2003,0,1,6.13,0.81,0
ALU0304,AM2,2021,06-08-2003,0,1,6.13,0.57,1
ALU0304,AM2,2022,06-08-2003,0,1,6.13,0.83,0
ALU0305,AM1,2022,12-11-2006,0,0,8.05,0.84,0
ALU0305,AM2,2023,12-11-2006,0,0,8.05,0.5,1
ALU0305,AM2,2024,12-11-2006,0,0,8.05,0.71,1
ALU0305,AM2,2025,12-11-2006,0,0,8.05,0.81,0
ALU0306,AM1,2022,23-03-2002,0,0,6.96,0.93,0
ALU0306,AM2,2023,23-03-2002,0,0,6.96,0.78,0
ALU0308,AM1,2023,12-01-1999,0,0,7.09,0.78,0
ALU0308,AM2,2024,12-01-1999,0,0,7.09,0.88,0
ALU0309,AM1,2024,20-03-2005,0,0,7.51,1.0,0
ALU0309,AM2,2025,20-03-2005,0,0,7.51,0.96,1
ALU0310,AM1,2023,14-09-2003,0,1,7.16,0.96,0
ALU0310,AM2,2024,14-09-2003,0,1,7.16,0.96,0
ALU0311,AM1,2022,03-11-2005,0,0,7.33,0.9,0
ALU0311,AM2,2023,03-11-2005,0,0,7.33,0.79,1
ALU0311,AM2,2024,03-11-2005,0,0,7.33,0.93,0
ALU0312,AM1,2024,19-11-2001,0,0,7.94,0.92,0
ALU0312,AM2,2025,19-11-2001,0,0,7.94,0.92,1
ALU0313,AM1,2020,17-02-1998,0,0,6.64,0.9,0
ALU0313,AM2,2021,17-02-1998,0,0,6.64,0.95,1
ALU0313,AM2,2022,17-02-1998,0,0,6.64,0.82,0
ALU0314,AM1,2021,17-06-2004,0,0,6.91,0.6,1
ALU0314,AM1,2022,17-06-2004,0,0,6.91,0.89,0
ALU0314,AM2,2023,17-06-2004,0,0,6.91,0.52,1
ALU0314,AM2,2024,17-06-2004,0,0,6.91,0.85,1
ALU0314,AM2,2025,17-06-2004,0,0,6.91,0.79,0
ALU0315,AM1,2024,05-05-2005,0,1,7.77,0.71,1
ALU0316,AM1,2021,19-10-2005,0,0,8.07,0.88,1
ALU0316,AM1,2022,19-10-2005,0,0,8.07,0.86,0
ALU0316,AM2,2023,19-10-2005,0,0,8.07,0.99,1
ALU0316,AM2,2024,19-10-2005,0,0,8.07,0.88,0
ALU0317,AM1,2024,27-06-2005,1,0,6.7,0.63,1
ALU0318,AM1,2020,21-01-2003,0,0,5.84,0.89,0
ALU0319,AM1,2024,20-07-2003,0,0,7.05,0.94,1
ALU0320,AM1,2022,10-11-2006,0,0,6.09,0.79,0
ALU0320,AM2,2023,10-11-2006,0,0,6.09,0.92,0
ALU0321,AM1,2022,03-08-2004,0,0,8.17,0.93,0
ALU0321,AM2,2023,03-08-2004,0,0,8.17,0.99,1
ALU0321,AM2,2024,03-08-2004,0,0,8.17,0.87,0
ALU0322,AM1,2023,11-04-2005,0,0,5.95,0.85,0
ALU0322,AM2,2024,11-04-2005,0,0,5.95,0.98,1
ALU0322,AM2,2025,11-04-2005,0,0,5.95,0.96,1
ALU0326,AM1,2021,19-06-1998,0,0,7.79,0.58,1
ALU0327,AM1,2024,16-08-2006,0,1,6.23,0.99,0
ALU0327,AM2,2025,16-08-2006,0,1,6.23,0.82,0
ALU0328,AM1,2023,15-09-1999,0,0,7.04,0.76,0
ALU0329,AM1,2020,16-05-2001,0,0,6.98,0.94,0
ALU0329,AM2,2021,16-05-2001,0,0,6.98,0.87,1
ALU0329,AM2,2022,16-05-2001,0,0,6.98,0.96,0
ALU0331,AM1,2022,12-07-2004,0,0,6.62,0.92,1
ALU0331,AM1,2023,12-07-2004,0,0,6.62,0.99,0
ALU0331,AM2,2024,12-07-2004,0,0,6.62,0.71,1
ALU0331,AM2,2025,12-07-2004,0,0,6.62,0.53,1
ALU0332,AM1,2022,10-09-2003,0,0,6.62,0.74,1
ALU0332,AM1,2023,10-09-2003,0,0,6.62,0.77,0
ALU0333,AM1,2022,22-10-2004,0,1,7.07,0.64,1
ALU0333,AM1,2023,22-10-2004,0,1,7.07,0.91,0
ALU0333,AM2,2024,22-10-2004,0,1,7.07,0.9,0
ALU0334,AM1,2022,18-06-2004,0,0,8.05,0.88,0
ALU0334,AM2,2023,18-06-2004,0,0,8.05,0.78,0
ALU0335,AM1,2024,17-07-2008,1,0,7.76,0.78,0
ALU0335,AM2,2025,17-07-2008,1,0,7.76,0.9,0
ALU0336,AM1,2023,15-09-2002,0,0,5.55,0.77,0
ALU0336,AM2,2024,15-09-2002,0,0,5.55,0.7,1
ALU0336,AM2,2025,15-09-2002,0,0,5.55,0.79,0
ALU0337,AM1,2024,06-06-2006,0,0,6.74,0.88,1
ALU0338,AM1,2024,17-06-2008,0,0,6.46,0.79,1
ALU0339,AM1,2022,27-08-2005,0,0,8.23,0.78,0
ALU0339,AM2,2023,27-08-2005,0,0,8.23,0.67,1
ALU0339,AM2,2024,27-08-2005,0,0,8.23,0.9,1
ALU0340,AM1,2023,10-10-2002,0,0,7.89,0.8,0
ALU0340,AM2,2024,10-10-2002,0,0,7.89,0.8,1
ALU0340,AM2,2025,10-10-2002,0,0,7.89,0.69,1
ALU0341,AM1,2020,16-10-2000,0,0,6.21,0.78,1
ALU0341,AM1,2021,16-10-2000,0,0,6.21,0.84,1
ALU0341,AM1,2022,16-10-2000,0,0,6.21,0.77,1
ALU0342,AM1,2024,08-10-2006,0,0,7.34,0.92,1
ALU0343,AM1,2024,05-07-2007,0,0,7.5,0.9,0
ALU0343,AM2,2025,05-07-2007,0,0,7.5,0.98,0
ALU0344,AM1,2020,01-04-2001,0,0,6.74,0.85,1
ALU0344,AM1,2021,01-04-2001,0,0,6.74,0.89,0
ALU0344,AM2,2022,01-04-2001,0,0,6.74,0.96,1
ALU0344,AM2,2023,01-04-2001,0,0,6.74,0.86,0
ALU0346,AM1,2020,05-12-2002,0,0,7.81,0.6,1
ALU0346,AM1,2021,05-12-2002,0,0,7.81,0.58,1
ALU0346,AM1,2022,05-12-2002,0,0,7.81,0.87,0
ALU0346,AM2,2023,05-12-2002,0,0,7.81,0.78,0
ALU0347,AM1,2023,13-09-2006,0,0,7.43,0.96,1
ALU0347,AM1,2024,13-09-2006,0,0,7.43,0.95,1
ALU0348,AM1,2022,12-09-2002,0,0,6.78,0.97,0
ALU0349,AM1,2022,16-10-2002,0,0,6.12,0.41,1
ALU0349,AM1,2023,16-10-2002,0,0,6.12,0.86,0
ALU0349,AM2,2024,16-10-2002,0,0,6.12,0.87,0
ALU0350,AM1,2021,25-05-2000,0,0,6.87,1.0,0
ALU0350,AM2,2022,25-05-2000,0,0,6.87,0.97,1
ALU0350,AM2,2023,25-05-2000,0,0,6.87,0.91,0
ALU0351,AM1,2022,12-08-2004,0,0,7.73,0.8,0
ALU0351,AM2,2023,12-08-2004,0,0,7.73,0.82,0
ALU0352,AM1,2022,19-02-2004,0,0,6.01,0.86,0
ALU0352,AM2,2023,19-02-2004,0,0,6.01,0.89,1
ALU0352,AM2,2024,19-02-2004,0,0,6.01,0.89,1
ALU0352,AM2,2025,19-02-2004,0,0,6.01,0.97,0
ALU0353,AM1,2022,10-03-2006,0,1,7.42,0.81,0
ALU0353,AM2,2023,10-03-2006,0,1,7.42,0.83,0
ALU0354,AM1,2023,09-11-2007,0,0,8.23,0.97,1
ALU0354,AM1,2024,09-11-2007,0,0,8.23,0.86,0
ALU0354,AM2,2025,09-11-2007,0,0,8.23,0.62,1
ALU0355,AM1,2022,23-09-2006,0,0,8.19,1.0,0
ALU0355,AM2,2023,23-09-2006,0,0,8.19,0.88,1
ALU0356,AM1,2021,02-04-2002,0,0,6.93,0.81,0
ALU0356,AM2,2022,02-04-2002,0,0,6.93,0.79,1
ALU0356,AM2,2023,02-04-2002,0,0,6.93,0.97,1
ALU0356,AM2,2024,02-04-2002,0,0,6.93,0.83,0
ALU0357,AM1,2020,14-02-2002,0,0,7.28,1.0,0
ALU0357,AM2,2021,14-02-2002,0,0,7.28,0.96,1
ALU0357,AM2,2022,14-02-2002,0,0,7.28,0.81,0
ALU0358,AM1,2021,18-01-2002,0,0,7.77,0.77,1
ALU0358,AM1,2022,18-01-2002,0,0,7.77,0.97,0
ALU0358,AM2,2023,18-01-2002,0,0,7.77,0.8,0
ALU0359,AM1,2023,21-08-2004,0,0,7.11,0.86,0
ALU0359,AM2,2024,21-08-2004,0,0,7.11,0.83,1
ALU0359,AM2,2025,21-08-2004,0,0,7.11,0.84,0
ALU0360,AM1,2020,21-02-2002,0,0,6.96,0.81,0
ALU0360,AM2,2021,21-02-2002,0,0,6.96,0.89,1
ALU0360,AM2,2022,21-02-2002,0,0,6.96,0.78,1
ALU0360,AM2,2023,21-02-2002,0,0,6.96,0.84,0
ALU0361,AM1,2020,14-03-2000,0,0,5.8,0.81,0
ALU0361,AM2,2021,14-03-2000,0,0,5.8,0.54,1
ALU0361,AM2,2022,14-03-2000,0,0,5.8,0.86,1
ALU0361,AM2,2023,14-03-2000,0,0,5.8,0.95,0
ALU0362,AM1,2023,06-08-2007,0,0,7.52,0.92,0
ALU0362,AM2,2024,06-08-2007,0,0,7.52,0.63,1
ALU0362,AM2,2025,06-08-2007,0,0,7.52,0.91,1
ALU0363,AM1,2020,10-01-2001,0,0,6.87,0.82,0
ALU0363,AM2,2021,10-01-2001,0,0,6.87,0.43,1
ALU0363,AM2,2022,10-01-2001,0,0,6.87,0.86,0
ALU0364,AM1,2022,21-08-2003,0,0,7.24,0.94,1
ALU0365,AM1,2024,09-08-2006,0,0,6.46,0.86,0
ALU0365,AM2,2025,09-08-2006,0,0,6.46,0.1,1
ALU0367,AM1,2022,22-10-2002,0,0,5.81,0.91,1
ALU0367,AM1,2023,22-10-2002,0,0,5.81,0.89,1
ALU0367,AM1,2024,22-10-2002,0,0,5.81,0.82,0
ALU0367,AM2,2025,22-10-2002,0,0,5.81,0.91,1
ALU0368,AM1,2023,17-07-2002,0,1,7.33,0.82,0
ALU0368,AM2,2024,17-07-2002,0,1,7.33,0.83,0
ALU0369,AM1,2021,11-08-2001,1,0,7.69,0.91,0
ALU0369,AM2,2022,11-08-2001,1,0,7.69,0.54,1
ALU0369,AM2,2023,11-08-2001,1,0,7.69,0.91,0
ALU0370,AM1,2023,11-05-2001,0,1,7.71,0.91,0
ALU0370,AM2,2024,11-05-2001,0,1,7.71,0.98,0
ALU0371,AM1,2022,08-12-2006,0,0,6.1,0.47,1
ALU0371,AM1,2023,08-12-2006,0,0,6.1,0.57,1
ALU0371,AM1,2024,08-12-2006,0,0,6.1,0.86,1
ALU0372,AM1,2023,17-11-2005,0,0,7.02,0.58,1
ALU0372,AM1,2024,17-11-2005,0,0,7.02,0.93,1
ALU0373,AM1,2020,10-11-2000,0,0,6.49,0.8,0
ALU0374,AM1,2023,15-03-2004,0,0,6.47,0.93,0
ALU0374,AM2,2024,15-03-2004,0,0,6.47,0.97,1
ALU0374,AM2,2025,15-03-2004,0,0,6.47,0.95,0
ALU0375,AM1,2024,25-08-2006,0,0,6.02,0.97,1
ALU0376,AM1,2021,25-11-2004,0,0,6.05,0.88,1
ALU0376,AM1,2022,25-11-2004,0,0,6.05,0.88,0
ALU0376,AM2,2023,25-11-2004,0,0,6.05,0.71,1
ALU0376,AM2,2024,25-11-2004,0,0,6.05,0.78,0
ALU0377,AM1,2024,12-12-2007,0,1,7.74,0.95,0
ALU0377,AM2,2025,12-12-2007,0,1,7.74,0.81,0
ALU0378,AM1,2024,07-09-2007,0,0,8.84,0.87,0
ALU0378,AM2,2025,07-09-2007,0,0,8.84,0.89,1
ALU0379,AM1,2024,04-08-2004,0,0,7.13,0.95,1
ALU0380,AM1,2024,26-08-2007,0,0,7.49,0.8,1
ALU0381,AM1,2024,18-01-2006,0,0,7.09,0.91,0
ALU0381,AM2,2025,18-01-2006,0,0,7.09,0.92,0
ALU0382,AM1,2023,27-05-1999,0,1,6.93,0.83,0
ALU0382,AM2,2024,27-05-1999,0,1,6.93,0.8,0
ALU0383,AM1,2023,23-06-2002,0,0,6.51,0.97,1
ALU0383,AM1,2024,23-06-2002,0,0,6.51,0.76,1
ALU0384,AM1,2020,02-08-2001,0,0,8.24,0.76,0
ALU0384,AM2,2021,02-08-2001,0,0,8.24,0.83,0
ALU0385,AM1,2023,13-06-2005,0,0,8.27,0.6,1
ALU0385,AM1,2024,13-06-2005,0,0,8.27,0.95,0
ALU0385,AM2,2025,13-06-2005,0,0,8.27,0.93,1
ALU0386,AM1,2020,22-11-2000,0,0,6.61,0.97,1
ALU0386,AM1,2021,22-11-2000,0,0,6.61,0.45,1
ALU0386,AM1,2022,22-11-2000,0,0,6.61,0.77,1
ALU0387,AM1,2020,18-03-2000,0,0,7.68,0.9,1
ALU0387,AM1,2021,18-03-2000,0,0,7.68,0.66,1
ALU0387,AM1,2022,18-03-2000,0,0,7.68,0.92,1
ALU0388,AM1,2020,10-01-2000,0,0,5.9,0.83,0
ALU0388,AM2,2021,10-01-2000,0,0,5.9,0.81,0
ALU0389,AM1,2023,08-04-2005,0,0,6.83,0.84,0
ALU0390,AM1,2020,26-01-2001,0,0,7.43,0.85,0
ALU0390,AM2,2021,26-01-2001,0,0,7.43,0.99,0
ALU0391,AM1,2020,07-04-2001,0,0,6.07,0.78,0
ALU0391,AM2,2021,07-04-2001,0,0,6.07,0.68,1
ALU0391,AM2,2022,07-04-2001,0,0,6.07,0.98,1
ALU0391,AM2,2023,07-04-2001,0,0,6.07,0.85,1
ALU0393,AM1,2020,17-03-2000,0,0,7.76,0.77,1
ALU0395,AM1,2022,22-03-2003,0,0,5.84,0.41,1
ALU0396,AM1,2024,24-10-2004,0,0,7.15,0.93,1
ALU0397,AM1,2023,12-01-2003,0,0,6.11,0.86,0
ALU0397,AM2,2024,12-01-2003,0,0,6.11,0.98,1
ALU0397,AM2,2025,12-01-2003,0,0,6.11,0.79,0
ALU0398,AM1,2022,14-12-2005,0,0,7.74,0.83,1
ALU0398,AM1,2023,14-12-2005,0,0,7.74,0.86,1
ALU0398,AM1,2024,14-12-2005,0,0,7.74,1.0,0
ALU0398,AM2,2025,14-12-2005,0,0,7.74,0.84,1
ALU0401,AM1,2023,09-04-2002,0,0,6.64,0.97,1
ALU0402,AM1,2022,18-02-2003,0,0,6.68,0.95,1
ALU0402,AM1,2023,18-02-2003,0,0,6.68,0.79,0
ALU0402,AM2,2024,18-02-2003,0,0,6.68,0.9,1
ALU0402,AM2,2025,18-02-2003,0,0,6.68,0.46,1
ALU0403,AM1,2024,02-10-2006,0,0,6.78,0.99,0
ALU0403,AM2,2025,02-10-2006,0,0,6.78,0.12,1
ALU0404,AM1,2024,16-04-2005,0,0,6.66,0.4,1
ALU0407,AM1,2024,25-06-2002,0,0,7.14,0.9,0
ALU0407,AM2,2025,25-06-2002,0,0,7.14,0.99,0
ALU0409,AM1,2023,07-06-2003,0,0,7.62,0.9,1
ALU0411,AM1,2023,05-05-2005,0,0,7.99,0.8,1
ALU0411,AM1,2024,05-05-2005,0,0,7.99,0.95,1
ALU0412,AM1,2021,18-08-1997,0,0,6.75,0.54,1
ALU0412,AM1,2022,18-08-1997,0,0,6.75,0.92,0
ALU0412,AM2,2023,18-08-1997,0,0,6.75,0.92,0
ALU0413,AM1,2023,21-12-2005,0,0,8.02,0.91,0
ALU0413,AM2,2024,21-12-2005,0,0,8.02,0.94,1
ALU0413,AM2,2025,21-12-2005,0,0,8.02,0.91,0
ALU0415,AM1,2024,02-11-2006,0,1,6.8,0.99,0
ALU0415,AM2,2025,02-11-2006,0,1,6.8,0.89,0
ALU0416,AM1,2020,14-01-2004,0,1,6.36,0.94,0
ALU0416,AM2,2021,14-01-2004,0,1,6.36,0.8,0
ALU0417,AM1,2021,07-01-2004,0,0,6.46,0.51,1
ALU0417,AM1,2022,07-01-2004,0,0,6.46,0.81,0
ALU0417,AM2,2023,07-01-2004,0,0,6.46,0.68,1
ALU0418,AM1,2024,22-08-2005,1,0,7.16,0.8,0
ALU0418,AM2,2025,22-08-2005,1,0,7.16,0.79,0
ALU0419,AM1,2020,17-01-1998,0,0,6.3,0.73,1
ALU0419,AM1,2021,17-01-1998,0,0,6.3,0.93,1
ALU0419,AM1,2022,17-01-1998,0,0,6.3,0.88,1
ALU0420,AM1,2024,22-12-2003,0,0,6.85,0.81,0
ALU0420,AM2,2025,22-12-2003,0,0,6.85,0.92,0
ALU0421,AM1,2020,05-09-2001,0,0,7.47,0.79,0
ALU0422,AM1,2022,26-05-2005,0,0,7.27,0.97,1
ALU0422,AM1,2023,26-05-2005,0,0,7.27,0.78,1
ALU0422,AM1,2024,26-05-2005,0,0,7.27,0.98,0
ALU0422,AM2,2025,26-05-2005,0,0,7.27,0.78,0
ALU0423,AM1,2024,23-04-2005,0,0,7.34,0.91,1
ALU0424,AM1,2020,13-02-2000,0,1,8.72,0.76,0
ALU0424,AM2,2021,13-02-2000,0,1,8.72,0.8,0
ALU0425,AM1,2020,06-12-2002,0,0,6.63,0.96,1
ALU0426,AM1,2022,28-10-2004,0,0,6.61,0.91,0
ALU0426,AM2,2023,28-10-2004,0,0,6.61,1.0,1
ALU0426,AM2,2024,28-10-2004,0,0,6.61,0.63,1
ALU0426,AM2,2025,28-10-2004,0,0,6.61,0.77,1
ALU0427,AM1,2021,28-04-2003,0,0,7.83,0.92,0
ALU0427,AM2,2022,28-04-2003,0,0,7.83,0.88,0
ALU0428,AM1,2020,09-11-1998,0,1,6.6,0.99,0
ALU0428,AM2,2021,09-11-1998,0,1,6.6,0.83,0
ALU0429,AM1,2022,07-01-2005,0,0,7.33,0.85,0
ALU0429,AM2,2023,07-01-2005,0,0,7.33,0.81,1
ALU0429,AM2,2024,07-01-2005,0,0,7.33,0.98,1
ALU0429,AM2,2025,07-01-2005,0,0,7.33,0.8,1
ALU0430,AM1,2023,10-02-2005,0,0,7.44,0.98,0
ALU0430,AM2,2024,10-02-2005,0,0,7.44,0.77,0
ALU0431,AM1,2023,18-11-2004,0,0,5.94,0.49,1
ALU0431,AM1,2024,18-11-2004,0,0,5.94,0.59,1
ALU0432,AM1,2020,24-09-1998,0,0,8.26,0.85,0
ALU0432,AM2,2021,24-09-1998,0,0,8.26,0.8,1
ALU0433,AM1,2020,20-06-2002,0,0,6.73,0.83,0
ALU0433,AM2,2021,20-06-2002,0,0,6.73,0.89,1
ALU0433,AM2,2022,20-06-2002,0,0,6.73,0.98,0
ALU0434,AM1,2022,21-01-2002,0,0,7.23,0.91,1
ALU0434,AM1,2023,21-01-2002,0,0,7.23,0.98,0
ALU0434,AM2,2024,21-01-2002,0,0,7.23,0.94,1
ALU0434,AM2,2025,21-01-2002,0,0,7.23,0.83,1
ALU0435,AM1,2022,13-09-2002,0,0,8.41,0.91,0
ALU0435,AM2,2023,13-09-2002,0,0,8.41,0.92,0
ALU0436,AM1,2020,10-10-2001,0,1,6.44,0.97,0
ALU0436,AM2,2021,10-10-2001,0,1,6.44,0.96,0
ALU0437,AM1,2021,23-07-2005,0,0,6.49,0.55,1
ALU0437,AM1,2022,23-07-2005,0,0,6.49,0.86,1
ALU0437,AM1,2023,23-07-2005,0,0,6.49,0.78,1
ALU0438,AM1,2022,03-02-2003,0,0,8.26,0.78,0
ALU0438,AM2,2023,03-02-2003,0,0,8.26,0.89,0
ALU0440,AM1,2024,04-07-2005,0,1,7.83,0.83,0
ALU0440,AM2,2025,04-07-2005,0,1,7.83,0.94,0
ALU0442,AM1,2020,18-12-2002,0,0,7.73,0.79,1
ALU0442,AM1,2021,18-12-2002,0,0,7.73,0.93,0
ALU0442,AM2,2022,18-12-2002,0,0,7.73,0.96,0
ALU0443,AM1,2021,13-11-2001,0,0,8.29,1.0,1
ALU0443,AM1,2022,13-11-2001,0,0,8.29,0.85,0
ALU0443,AM2,2023,13-11-2001,0,0,8.29,0.99,1
ALU0443,AM2,2024,13-11-2001,0,0,8.29,0.69,1
ALU0443,AM2,2025,13-11-2001,0,0,8.29,0.97,1
ALU0444,AM1,2021,06-02-2001,0,0,6.75,0.79,0
ALU0444,AM2,2022,06-02-2001,0,0,6.75,0.85,1
ALU0444,AM2,2023,06-02-2001,0,0,6.75,0.97,0
ALU0445,AM1,2020,09-06-2000,0,0,7.78,0.94,0
ALU0446,AM1,2024,15-04-2003,0,0,7.36,0.88,1
ALU0447,AM1,2022,13-10-2001,0,0,7.82,0.55,1
ALU0447,AM1,2023,13-10-2001,0,0,7.82,0.82,0
ALU0447,AM2,2024,13-10-2001,0,0,7.82,0.46,1
ALU0447,AM2,2025,13-10-2001,0,0,7.82,0.79,0
ALU0448,AM1,2024,10-03-2002,0,0,7.45,0.98,0
ALU0448,AM2,2025,10-03-2002,0,0,7.45,0.8,0
ALU0449,AM1,2022,13-03-2003,0,0,7.1,0.99,1
ALU0449,AM1,2023,13-03-2003,0,0,7.1,0.84,0
ALU0449,AM2,2024,13-03-2003,0,0,7.1,0.42,1
ALU0449,AM2,2025,13-03-2003,0,0,7.1,0.98,1
ALU0450,AM1,2023,26-10-2002,0,0,6.43,0.98,0
ALU0451,AM1,2023,04-06-2003,0,0,6.72,0.89,0
ALU0451,AM2,2024,04-06-2003,0,0,6.72,0.76,1
ALU0451,AM2,2025,04-06-2003,0,0,6.72,0.96,1
ALU0452,AM1,2021,25-11-2002,0,0,7.89,0.95,0
ALU0452,AM2,2022,25-11-2002,0,0,7.89,0.92,0
ALU0453,AM1,2021,26-08-2002,0,0,7.03,0.94,0
ALU0453,AM2,2022,26-08-2002,0,0,7.03,0.87,0
ALU0454,AM1,2023,16-11-2007,0,0,7.52,0.77,1
ALU0454,AM1,2024,16-11-2007,0,0,7.52,0.88,0
ALU0454,AM2,2025,16-11-2007,0,0,7.52,0.78,1
ALU0455,AM1,2021,14-12-2001,0,0,8.51,0.79,0
ALU0455,AM2,2022,14-12-2001,0,0,8.51,0.94,0
ALU0456,AM1,2023,13-10-2005,0,0,7.15,0.88,0
ALU0456,AM2,2024,13-10-2005,0,0,7.15,0.93,0
ALU0457,AM1,2023,02-09-2004,0,0,8.1,0.91,0
ALU0457,AM2,2024,02-09-2004,0,0,8.1,0.87,0
ALU0458,AM1,2024,21-10-2005,0,0,7.2,0.94,0
ALU0458,AM2,2025,21-10-2005,0,0,7.2,0.49,1
ALU0459,AM1,2022,21-03-2002,0,0,7.13,0.53,1
ALU0459,AM1,2023,21-03-2002,0,0,7.13,0.69,1
ALU0459,AM1,2024,21-03-2002,0,0,7.13,0.81,0
ALU0459,AM2,2025,21-03-2002,0,0,7.13,0.98,0
ALU0460,AM1,2023,26-06-2005,1,0,7.14,0.97,1
ALU0461,AM1,2024,17-12-2003,0,0,6.28,0.88,0
ALU0461,AM2,2025,17-12-2003,0,0,6.28,0.28,1
ALU0462,AM1,2022,15-07-2003,0,0,6.51,0.76,1
ALU0463,AM1,2022,16-01-2001,0,0,5.93,0.64,1
ALU0463,AM1,2023,16-01-2001,0,0,5.93,0.93,0
ALU0463,AM2,2024,16-01-2001,0,0,5.93,0.85,1
ALU0464,AM1,2020,05-12-2002,0,0,7.26,0.65,1
ALU0464,AM1,2021,05-12-2002,0,0,7.26,0.89,1
ALU0464,AM1,2022,05-12-2002,0,0,7.26,0.98,1
ALU0465,AM1,2024,12-08-2002,0,0,6.95,0.99,0
ALU0465,AM2,2025,12-08-2002,0,0,6.95,0.99,0
ALU0466,AM1,2022,10-02-2004,0,1,8.32,0.81,0
ALU0466,AM2,2023,10-02-2004,0,1,8.32,0.94,0
ALU0467,AM1,2022,04-11-2006,0,0,5.46,0.96,0
ALU0467,AM2,2023,04-11-2006,0,0,5.46,0.86,0
ALU0468,AM1,2021,06-09-2001,0,0,6.65,0.82,1
ALU0468,AM1,2022,06-09-2001,0,0,6.65,0.84,1
ALU0468,AM1,2023,06-09-2001,0,0,6.65,0.82,0
ALU0468,AM2,2024,06-09-2001,0,0,6.65,0.76,1
ALU0468,AM2,2025,06-09-2001,0,0,6.65,0.9,0
ALU0469,AM1,2023,26-04-2006,0,0,7.5,0.96,0
ALU0469,AM2,2024,26-04-2006,0,0,7.5,0.92,0
ALU0471,AM1,2023,01-07-2007,0,0,7.61,0.89,1
ALU0472,AM1,2020,04-10-2000,0,0,6.93,0.78,0
ALU0472,AM2,2021,04-10-2000,0,0,6.93,0.9,0
ALU0473,AM1,2021,04-08-1998,0,0,6.25,0.81,0
ALU0473,AM2,2022,04-08-1998,0,0,6.25,0.84,0
ALU0474,AM1,2022,13-10-2006,0,0,6.52,0.88,0
ALU0474,AM2,2023,13-10-2006,0,0,6.52,0.77,0
ALU0475,AM1,2023,06-10-2004,0,0,7.17,0.57,1
ALU0475,AM1,2024,06-10-2004,0,0,7.17,0.77,0
ALU0475,AM2,2025,06-10-2004,0,0,7.17,0.97,1
ALU0476,AM1,2024,03-10-2005,0,0,7.25,0.82,1
ALU0477,AM1,2020,12-03-2004,0,0,8.01,0.84,0
ALU0478,AM1,2021,13-10-2002,0,0,7.78,0.89,0
ALU0478,AM2,2022,13-10-2002,0,0,7.78,0.88,0
ALU0479,AM1,2021,06-09-2001,0,0,7.32,0.72,1
ALU0479,AM1,2022,06-09-2001,0,0,7.32,0.86,0
ALU0479,AM2,2023,06-09-2001,0,0,7.32,1.0,0
ALU0480,AM1,2023,02-10-2003,0,0,7.31,0.59,1
ALU0480,AM1,2024,02-10-2003,0,0,7.31,0.89,0
ALU0480,AM2,2025,02-10-2003,0,0,7.31,0.9,1
ALU0482,AM1,2023,27-12-2004,0,0,7.5,0.8,0
ALU0482,AM2,2024,27-12-2004,0,0,7.5,0.96,0
ALU0483,AM1,2021,02-05-2002,0,0,8.01,0.86,0
ALU0483,AM2,2022,02-05-2002,0,0,8.01,0.93,0
ALU0484,AM1,2023,24-10-2005,0,0,8.26,0.9,0
ALU0484,AM2,2024,24-10-2005,0,0,8.26,0.93,0
ALU0485,AM1,2024,09-02-2005,0,0,6.0,0.96,0
ALU0485,AM2,2025,09-02-2005,0,0,6.0,0.77,0
ALU0486,AM1,2020,15-12-2001,0,0,6.52,0.88,1
ALU0486,AM1,2021,15-12-2001,0,0,6.52,0.78,1
ALU0486,AM1,2022,15-12-2001,0,0,6.52,0.85,0
ALU0486,AM2,2023,15-12-2001,0,0,6.52,0.53,1
ALU0486,AM2,2024,15-12-2001,0,0,6.52,0.93,1
ALU0486,AM2,2025,15-12-2001,0,0,6.52,0.83,1
ALU0487,AM1,2021,28-05-2000,0,0,6.54,0.92,1
ALU0487,AM1,2022,28-05-2000,0,0,6.54,0.86,0
ALU0487,AM2,2023,28-05-2000,0,0,6.54,0.77,1
ALU0488,AM1,2020,28-08-2002,0,0,5.68,0.8,0
ALU0488,AM2,2021,28-08-2002,0,0,5.68,0.85,0
ALU0489,AM1,2024,12-12-2006,0,0,5.3,0.92,0
ALU0489,AM2,2025,12-12-2006,0,0,5.3,0.83,0
ALU0490,AM1,2024,26-03-2008,0,1,7.53,0.83,0
ALU0490,AM2,2025,26-03-2008,0,1,7.53,0.93,0
ALU0491,AM1,2022,09-09-2001,0,0,7.3,0.81,0
ALU0491,AM2,2023,09-09-2001,0,0,7.3,0.86,0
ALU0492,AM1,2022,19-05-2005,0,0,6.97,0.93,0
ALU0492,AM2,2023,19-05-2005,0,0,6.97,0.98,1
ALU0492,AM2,2024,19-05-2005,0,0,6.97,0.82,0
ALU0494,AM1,2021,28-12-1999,0,0,7.61,0.82,1
ALU0494,AM1,2022,28-12-1999,0,0,7.61,0.88,0
ALU0494,AM2,2023,28-12-1999,0,0,7.61,0.42,1
ALU0494,AM2,2024,28-12-1999,0,0,7.61,0.85,0
ALU0495,AM1,2021,13-11-2002,0,0,7.02,0.9,0
ALU0495,AM2,2022,13-11-2002,0,0,7.02,0.99,0
ALU0496,AM1,2023,15-07-2004,0,0,5.57,0.92,1
ALU0496,AM1,2024,15-07-2004,0,0,5.57,0.77,1
ALU0497,AM1,2023,24-09-2004,0,0,6.52,0.68,1
ALU0497,AM1,2024,24-09-2004,0,0,6.52,0.78,0
ALU0497,AM2,2025,24-09-2004,0,0,6.52,0.85,1
ALU0498,AM1,2023,19-06-2006,0,0,6.8,0.92,1
ALU0498,AM1,2024,19-06-2006,0,0,6.8,0.87,0
ALU0498,AM2,2025,19-06-2006,0,0,6.8,0.83,0
ALU0499,AM1,2023,22-11-2000,0,0,7.45,0.84,1
ALU0499,AM1,2024,22-11-2000,0,0,7.45,0.96,0
ALU0499,AM2,2025,22-11-2000,0,0,7.45,0.48,1
ALU0500,AM1,2023,14-04-2005,0,0,7.4,0.96,0
ALU0500,AM2,2024,14-04-2005,0,0,7.4,0.67,1
ALU0500,AM2,2025,14-04-2005,0,0,7.4,0.86,0
